Group,Bias,Average toxicity,Model,Prompting,% of toxic output,alpha,Head id,Method,Pruning ratio,gamma,Seed,Split,PPL
gender_and_sex,0.3970243255044801,0.11219343137267192,distilgpt2,holistic,7.1793863099921325,0.5,1,None,0,0.5,1,valid,288.56199999999995
gender_and_sex,0.4160070572455291,0.11001505638422483,distilgpt2,holistic,6.707317073170732,0.5,2,None,0,0.5,1,valid,54.575000000000024
gender_and_sex,0.3659754522242873,0.10461254493103966,distilgpt2,holistic,6.215578284815106,0.5,3,None,0,0.5,1,valid,65.664
gender_and_sex,0.37879414755819574,0.10787543645739878,distilgpt2,holistic,6.648308418568057,0.5,4,None,0,0.5,1,valid,54.75900000000001
gender_and_sex,0.4104840903016611,0.11179615456761782,distilgpt2,holistic,6.953186467348544,0.5,5,None,0,0.5,1,valid,54.816000000000024
gender_and_sex,0.41189405518077477,0.10869628893014831,distilgpt2,holistic,6.81549960660897,0.5,6,None,0,0.5,1,valid,54.68700000000001
gender_and_sex,0.3842731254621839,0.108309326421715,distilgpt2,holistic,6.569630212431156,0.5,7,None,0,0.5,1,valid,54.803
gender_and_sex,0.38449045866399134,0.11600555435154625,distilgpt2,holistic,7.307238394964595,0.5,8,None,0,0.5,1,valid,72.64599999999999
gender_and_sex,0.41605977096276303,0.11164135834775417,distilgpt2,holistic,7.081038552321008,0.5,9,None,0,0.5,1,valid,55.63499999999999
gender_and_sex,0.4319276096166505,0.11088901062936432,distilgpt2,holistic,6.884343036978757,0.5,10,None,0,0.5,1,valid,58.03300000000001
gender_and_sex,0.6455954166197879,0.15915314682457396,distilgpt2,holistic,11.221479150275373,0.5,11,None,0,0.5,1,valid,1264.9480000000003
gender_and_sex,0.413517561857097,0.11387583907027234,distilgpt2,holistic,7.1793863099921325,0.5,12,None,0,0.5,1,valid,56.075000000000024
gender_and_sex,0.39990515772516927,0.11063436088718047,distilgpt2,holistic,7.01219512195122,0.5,13,None,0,0.5,1,valid,54.31700000000001
gender_and_sex,0.43312681872378417,0.1115900633169554,distilgpt2,holistic,6.884343036978757,0.5,14,None,0,0.5,1,valid,54.73500000000001
gender_and_sex,0.3831609369351766,0.11194486466071851,distilgpt2,holistic,7.081038552321008,0.5,15,None,0,0.5,1,valid,54.543000000000006
gender_and_sex,0.33172489259623456,0.11112273142838204,distilgpt2,holistic,7.01219512195122,0.5,16,None,0,0.5,1,valid,54.604000000000006
gender_and_sex,0.41646524795375994,0.10966489371648208,distilgpt2,holistic,6.835169158143193,0.5,17,None,0,0.5,1,valid,54.65300000000001
gender_and_sex,0.40753903148565435,0.11218437036640215,distilgpt2,holistic,7.031864673485444,0.5,18,None,0,0.5,1,valid,54.70600000000001
gender_and_sex,0.408266024559537,0.111559953928794,distilgpt2,holistic,6.97285601888277,0.5,19,None,0,0.5,1,valid,54.85299999999998
gender_and_sex,0.4101633605609878,0.11079084780154504,distilgpt2,holistic,6.982690794649882,0.5,20,None,0,0.5,1,valid,53.93799999999999
gender_and_sex,0.3784851057798613,0.11046798848367516,distilgpt2,holistic,7.031864673485444,0.5,21,None,0,0.5,1,valid,54.678
gender_and_sex,0.42125106882587393,0.11370180271265931,distilgpt2,holistic,7.071203776553895,0.5,22,None,0,0.5,1,valid,54.58100000000001
gender_and_sex,0.4061334701707544,0.11260841134253244,distilgpt2,holistic,7.16955153422502,0.5,23,None,0,0.5,1,valid,54.359000000000016
gender_and_sex,0.4023519806759689,0.11262561463462194,distilgpt2,holistic,7.228560188827695,0.5,24,None,0,0.5,1,valid,54.822
gender_and_sex,0.39588901518691266,0.11212196926985034,distilgpt2,holistic,7.218725413060582,0.5,25,None,0,0.5,1,valid,54.46699999999999
gender_and_sex,0.36429584948916494,0.11061560823685669,distilgpt2,holistic,7.041699449252557,0.5,26,None,0,0.5,1,valid,54.40599999999998
gender_and_sex,0.4064858905159381,0.11451508828288683,distilgpt2,holistic,7.494099134539732,0.5,27,None,0,0.5,1,valid,54.31799999999999
gender_and_sex,0.4128878277230142,0.1113670906292197,distilgpt2,holistic,7.071203776553895,0.5,28,None,0,0.5,1,valid,54.72000000000002
gender_and_sex,0.39516150349766166,0.11866986118553234,distilgpt2,holistic,7.907159716758458,0.5,29,None,0,0.5,1,valid,55.11900000000002
gender_and_sex,0.4123460922753516,0.1112282596518157,distilgpt2,holistic,6.97285601888277,0.5,30,None,0,0.5,1,valid,54.21199999999999
gender_and_sex,0.42526579406565995,0.11178226493702577,distilgpt2,holistic,7.100708103855233,0.5,31,None,0,0.5,1,valid,54.45299999999998
gender_and_sex,0.3856401944200111,0.11143558569540424,distilgpt2,holistic,6.963021243115657,0.5,32,None,0,0.5,1,valid,55.41300000000001
gender_and_sex,0.3871307575152876,0.10746086208313352,distilgpt2,holistic,6.451612903225806,0.5,33,None,0,0.5,1,valid,54.825000000000024
gender_and_sex,0.39763150996067637,0.11093657598871631,distilgpt2,holistic,7.081038552321008,0.5,34,None,0,0.5,1,valid,54.38900000000001
gender_and_sex,0.42002299126176385,0.11164749228782571,distilgpt2,holistic,7.031864673485444,0.5,35,None,0,0.5,1,valid,55.02300000000002
gender_and_sex,0.39866116696763715,0.11089317196565014,distilgpt2,holistic,6.894177812745869,0.5,36,None,0,0.5,1,valid,56.572
gender_and_sex,0.3936396780259822,0.1113200242773668,distilgpt2,holistic,6.97285601888277,0.5,37,None,0,0.5,1,valid,54.399999999999984
gender_and_sex,0.42924733536303045,0.11471668987605041,distilgpt2,holistic,7.395751376868607,0.5,38,None,0,0.5,1,valid,54.99400000000002
gender_and_sex,0.3932224962451283,0.10966824532892507,distilgpt2,holistic,6.608969315499606,0.5,39,None,0,0.5,1,valid,54.07100000000002
gender_and_sex,0.3672884782037921,0.11389651650590392,distilgpt2,holistic,7.228560188827695,0.5,40,None,0,0.5,1,valid,54.73599999999999
gender_and_sex,0.38043462212264917,0.1086568743479305,distilgpt2,holistic,6.726986624704957,0.5,41,None,0,0.5,1,valid,55.43299999999999
gender_and_sex,0.38502215090709474,0.11439839777774247,distilgpt2,holistic,7.287568843430369,0.5,42,None,0,0.5,1,valid,54.88800000000001
gender_and_sex,0.38153029453699794,0.10632107382609544,distilgpt2,holistic,6.4417781274586945,0.5,43,None,0,0.5,1,valid,56.54099999999998
gender_and_sex,0.408420874464428,0.10955758069237363,distilgpt2,holistic,6.874508261211644,0.5,44,None,0,0.5,1,valid,54.340000000000025
gender_and_sex,0.42574794448550385,0.1083390410051302,distilgpt2,holistic,6.6876475216365066,0.5,45,None,0,0.5,1,valid,54.661000000000016
gender_and_sex,0.42853349968092835,0.11691574478442494,distilgpt2,holistic,7.592446892210858,0.5,46,None,0,0.5,1,valid,54.22199999999999
gender_and_sex,0.39469881485785474,0.10997548297821097,distilgpt2,holistic,6.7761605035405195,0.5,47,None,0,0.5,1,valid,54.63999999999999
gender_and_sex,0.40154165425455945,0.10973042954390692,distilgpt2,holistic,6.9335169158143195,0.5,48,None,0,0.5,1,valid,56.08000000000002
gender_and_sex,0.38476970846672937,0.11097912116557694,distilgpt2,holistic,6.953186467348544,0.5,49,None,0,0.5,1,valid,54.75599999999998
gender_and_sex,0.4105928588920113,0.10930262442048987,distilgpt2,holistic,6.835169158143193,0.5,50,None,0,0.5,1,valid,54.46199999999999
gender_and_sex,0.3912094303997845,0.10601859095300717,distilgpt2,holistic,6.7761605035405195,0.5,51,None,0,0.5,1,valid,54.97400000000002
gender_and_sex,0.403539299669855,0.10564827592870275,distilgpt2,holistic,6.638473642800944,0.5,52,None,0,0.5,1,valid,54.87800000000002
gender_and_sex,0.36531771555521175,0.10665858190287077,distilgpt2,holistic,6.412273800157356,0.5,53,None,0,0.5,1,valid,54.83699999999999
gender_and_sex,0.4218668498086028,0.11887740293733536,distilgpt2,holistic,7.6711250983477575,0.5,54,None,0,0.5,1,valid,54.863000000000014
gender_and_sex,0.38587284672265043,0.11174452646310337,distilgpt2,holistic,7.002360346184107,0.5,55,None,0,0.5,1,valid,54.25300000000002
gender_and_sex,0.36728392464760584,0.1113188481327922,distilgpt2,holistic,6.9335169158143195,0.5,56,None,0,0.5,1,valid,54.59400000000002
gender_and_sex,0.40413008644012904,0.1071717578312715,distilgpt2,holistic,6.569630212431156,0.5,57,None,0,0.5,1,valid,55.28200000000002
gender_and_sex,0.4290813635785752,0.1116317320673541,distilgpt2,holistic,6.904012588512982,0.5,58,None,0,0.5,1,valid,54.31799999999999
gender_and_sex,0.41131696102677473,0.11124127361509555,distilgpt2,holistic,7.01219512195122,0.5,59,None,0,0.5,1,valid,54.62099999999999
gender_and_sex,0.3788606554266417,0.10752459455960924,distilgpt2,holistic,6.667977970102282,0.5,60,None,0,0.5,1,valid,72.84400000000002
gender_and_sex,0.33835025053814227,0.09798151749218685,distilgpt2,holistic,5.80251770259638,0.5,61,None,0,0.5,1,valid,60.13000000000001
gender_and_sex,0.3925333764747584,0.10978287768841574,distilgpt2,holistic,6.9335169158143195,0.5,62,None,0,0.5,1,valid,54.74000000000001
gender_and_sex,0.3504098578264741,0.10984271651914647,distilgpt2,holistic,6.9335169158143195,0.5,63,None,0,0.5,1,valid,55.80799999999999
gender_and_sex,0.3849670206481638,0.10148693245202826,distilgpt2,holistic,6.274586939417781,0.5,64,None,0,0.5,1,valid,55.49499999999999
gender_and_sex,0.4221044566951593,0.11369191790430434,distilgpt2,holistic,7.159716758457907,0.5,65,None,0,0.5,1,valid,55.28099999999998
gender_and_sex,0.3784408796778235,0.10941594689214774,distilgpt2,holistic,6.805664830841857,0.5,66,None,0,0.5,1,valid,54.24300000000002
gender_and_sex,0.3749264168556129,0.10584214504074613,distilgpt2,holistic,6.648308418568057,0.5,67,None,0,0.5,1,valid,54.73000000000001
gender_and_sex,0.3764595563782826,0.10752558034406041,distilgpt2,holistic,6.6876475216365066,0.5,68,None,0,0.5,1,valid,54.40499999999998
gender_and_sex,0.4195452381215972,0.10576603322880179,distilgpt2,holistic,6.068056648308419,0.5,69,None,0,0.5,1,valid,55.66700000000002
gender_and_sex,0.4152908675867546,0.11001184163903625,distilgpt2,holistic,6.81549960660897,0.5,70,None,0,0.5,1,valid,54.173
gender_and_sex,0.3832205017756567,0.1129431993939554,distilgpt2,holistic,7.120377655389457,0.5,71,None,0,0.5,1,valid,54.450000000000024
gender_and_sex,0.4063861036791583,0.11250332205611722,distilgpt2,holistic,7.277734067663258,0.5,72,None,0,0.5,1,valid,54.33299999999998
gender_and_sex,0.40373847756056297,0.11313131695924074,distilgpt2,holistic,7.208890637293469,0.5,1,None,0,0.5,2,valid,288.56199999999995
gender_and_sex,0.4165317672773262,0.1089866268295513,distilgpt2,holistic,6.736821400472069,0.5,2,None,0,0.5,2,valid,54.575000000000024
gender_and_sex,0.410918540945934,0.10357033887448977,distilgpt2,holistic,6.225413060582219,0.5,3,None,0,0.5,2,valid,65.664
gender_and_sex,0.3935404453068784,0.10935374038201458,distilgpt2,holistic,6.707317073170732,0.5,4,None,0,0.5,2,valid,54.75900000000001
gender_and_sex,0.39430185188873335,0.11195517510587896,distilgpt2,holistic,6.81549960660897,0.5,5,None,0,0.5,2,valid,54.816000000000024
gender_and_sex,0.3760287291924148,0.10739226271862685,distilgpt2,holistic,6.520456333595594,0.5,6,None,0,0.5,2,valid,54.68700000000001
gender_and_sex,0.4135798903516011,0.10807027382170638,distilgpt2,holistic,6.618804091266719,0.5,7,None,0,0.5,2,valid,54.803
gender_and_sex,0.4012227891745468,0.11744788431240392,distilgpt2,holistic,7.415420928402833,0.5,8,None,0,0.5,2,valid,72.64599999999999
gender_and_sex,0.43376594635471005,0.11158192776075815,distilgpt2,holistic,7.100708103855233,0.5,9,None,0,0.5,2,valid,55.63499999999999
gender_and_sex,0.4361534511454136,0.11417170013826933,distilgpt2,holistic,7.110542879622344,0.5,10,None,0,0.5,2,valid,58.03300000000001
gender_and_sex,0.6607201133654517,0.1609040075720336,distilgpt2,holistic,11.467348544453186,0.5,11,None,0,0.5,2,valid,1264.9480000000003
gender_and_sex,0.37828096205829176,0.114922959202833,distilgpt2,holistic,7.307238394964595,0.5,12,None,0,0.5,2,valid,56.075000000000024
gender_and_sex,0.4114443485096473,0.11009053516939493,distilgpt2,holistic,6.81549960660897,0.5,13,None,0,0.5,2,valid,54.31700000000001
gender_and_sex,0.4145376653077194,0.11237407133636576,distilgpt2,holistic,6.963021243115657,0.5,14,None,0,0.5,2,valid,54.73500000000001
gender_and_sex,0.3938723576212608,0.11396866582534652,distilgpt2,holistic,7.218725413060582,0.5,15,None,0,0.5,2,valid,54.543000000000006
gender_and_sex,0.4188354348600439,0.11093598418493325,distilgpt2,holistic,6.805664830841857,0.5,16,None,0,0.5,2,valid,54.604000000000006
gender_and_sex,0.3808239444739448,0.11107710304582596,distilgpt2,holistic,6.697482297403619,0.5,17,None,0,0.5,2,valid,54.65300000000001
gender_and_sex,0.36229798044518824,0.11056459781454835,distilgpt2,holistic,6.717151848937844,0.5,18,None,0,0.5,2,valid,54.70600000000001
gender_and_sex,0.4325931958246612,0.11046582068952913,distilgpt2,holistic,6.7761605035405195,0.5,19,None,0,0.5,2,valid,54.85299999999998
gender_and_sex,0.37211509582533026,0.11174629157504831,distilgpt2,holistic,7.041699449252557,0.5,20,None,0,0.5,2,valid,53.93799999999999
gender_and_sex,0.423977840736368,0.11241883582939001,distilgpt2,holistic,7.061369000786782,0.5,21,None,0,0.5,2,valid,54.678
gender_and_sex,0.4190494818939723,0.11583173989623452,distilgpt2,holistic,7.258064516129033,0.5,22,None,0,0.5,2,valid,54.58100000000001
gender_and_sex,0.4003848915556899,0.11333049461684039,distilgpt2,holistic,7.336742722265932,0.5,23,None,0,0.5,2,valid,54.359000000000016
gender_and_sex,0.3995515511147329,0.11037037475348872,distilgpt2,holistic,6.766325727773406,0.5,24,None,0,0.5,2,valid,54.822
gender_and_sex,0.38885876246105355,0.11225140829893845,distilgpt2,holistic,7.01219512195122,0.5,25,None,0,0.5,2,valid,54.46699999999999
gender_and_sex,0.41933715698244534,0.11223484005039729,distilgpt2,holistic,6.9335169158143195,0.5,26,None,0,0.5,2,valid,54.40599999999998
gender_and_sex,0.4305568965758432,0.11585001200051649,distilgpt2,holistic,7.523603461841071,0.5,27,None,0,0.5,2,valid,54.31799999999999
gender_and_sex,0.4037350165606635,0.11247657251008221,distilgpt2,holistic,7.13021243115657,0.5,28,None,0,0.5,2,valid,54.72000000000002
gender_and_sex,0.41639527231530293,0.11775941734985239,distilgpt2,holistic,7.680959874114871,0.5,29,None,0,0.5,2,valid,55.11900000000002
gender_and_sex,0.40957854207456107,0.11170942429239605,distilgpt2,holistic,6.845003933910307,0.5,30,None,0,0.5,2,valid,54.21199999999999
gender_and_sex,0.37999109457117936,0.11263789515040423,distilgpt2,holistic,6.746656176239181,0.5,31,None,0,0.5,2,valid,54.45299999999998
gender_and_sex,0.39410129007767564,0.11214371592929552,distilgpt2,holistic,6.913847364280095,0.5,32,None,0,0.5,2,valid,55.41300000000001
gender_and_sex,0.3642500535221827,0.10922047450270497,distilgpt2,holistic,6.500786782061368,0.5,33,None,0,0.5,2,valid,54.825000000000024
gender_and_sex,0.43054583766122345,0.1119911674741547,distilgpt2,holistic,7.110542879622344,0.5,34,None,0,0.5,2,valid,54.38900000000001
gender_and_sex,0.3583513099453821,0.11299335690859061,distilgpt2,holistic,7.120377655389457,0.5,35,None,0,0.5,2,valid,55.02300000000002
gender_and_sex,0.4307675845534207,0.1126514581728906,distilgpt2,holistic,7.071203776553895,0.5,36,None,0,0.5,2,valid,56.572
gender_and_sex,0.3526705145365527,0.11203230321560277,distilgpt2,holistic,6.97285601888277,0.5,37,None,0,0.5,2,valid,54.399999999999984
gender_and_sex,0.3922385099138932,0.1166236542231736,distilgpt2,holistic,7.5826121164437446,0.5,38,None,0,0.5,2,valid,54.99400000000002
gender_and_sex,0.38689858308693764,0.11045453013438303,distilgpt2,holistic,6.894177812745869,0.5,39,None,0,0.5,2,valid,54.07100000000002
gender_and_sex,0.41147860043691387,0.11503153446917046,distilgpt2,holistic,6.97285601888277,0.5,40,None,0,0.5,2,valid,54.73599999999999
gender_and_sex,0.40252024401712827,0.11340838315565967,distilgpt2,holistic,7.041699449252557,0.5,41,None,0,0.5,2,valid,55.43299999999999
gender_and_sex,0.4043595164871696,0.1136327456458499,distilgpt2,holistic,6.894177812745869,0.5,42,None,0,0.5,2,valid,54.88800000000001
gender_and_sex,0.3917521720935215,0.10810809940637872,distilgpt2,holistic,6.451612903225806,0.5,43,None,0,0.5,2,valid,56.54099999999998
gender_and_sex,0.39272536587057,0.10966406416701432,distilgpt2,holistic,6.736821400472069,0.5,44,None,0,0.5,2,valid,54.340000000000025
gender_and_sex,0.43788872210851654,0.11207440755437921,distilgpt2,holistic,7.140047206923682,0.5,45,None,0,0.5,2,valid,54.661000000000016
gender_and_sex,0.44879267941944506,0.11734017620431225,distilgpt2,holistic,7.444925255704169,0.5,46,None,0,0.5,2,valid,54.22199999999999
gender_and_sex,0.4146494851942156,0.11021493860086794,distilgpt2,holistic,6.81549960660897,0.5,47,None,0,0.5,2,valid,54.63999999999999
gender_and_sex,0.3794610016681985,0.1105590244316227,distilgpt2,holistic,6.795830055074744,0.5,48,None,0,0.5,2,valid,56.08000000000002
gender_and_sex,0.39235308379658823,0.1122378171525231,distilgpt2,holistic,7.110542879622344,0.5,49,None,0,0.5,2,valid,54.75599999999998
gender_and_sex,0.40174357153179546,0.1087246410176405,distilgpt2,holistic,6.569630212431156,0.5,50,None,0,0.5,2,valid,54.46199999999999
gender_and_sex,0.31272682561878284,0.10579621110386345,distilgpt2,holistic,6.540125885129819,0.5,51,None,0,0.5,2,valid,54.97400000000002
gender_and_sex,0.3898697468281447,0.10573573850961195,distilgpt2,holistic,6.225413060582219,0.5,52,None,0,0.5,2,valid,54.87800000000002
gender_and_sex,0.34262829861800015,0.10411092608154221,distilgpt2,holistic,6.07789142407553,0.5,53,None,0,0.5,2,valid,54.83699999999999
gender_and_sex,0.4350287240231013,0.11656194196814562,distilgpt2,holistic,7.277734067663258,0.5,54,None,0,0.5,2,valid,54.863000000000014
gender_and_sex,0.42443133334666544,0.11354946140316163,distilgpt2,holistic,6.943351691581431,0.5,55,None,0,0.5,2,valid,54.25300000000002
gender_and_sex,0.44150511406516346,0.11262277131353662,distilgpt2,holistic,6.992525570416995,0.5,56,None,0,0.5,2,valid,54.59400000000002
gender_and_sex,0.34807994771473594,0.10671128147635839,distilgpt2,holistic,6.520456333595594,0.5,57,None,0,0.5,2,valid,55.28200000000002
gender_and_sex,0.36866257878905806,0.1127775113050374,distilgpt2,holistic,7.002360346184107,0.5,58,None,0,0.5,2,valid,54.31799999999999
gender_and_sex,0.43593164692734887,0.11097327956369901,distilgpt2,holistic,6.864673485444532,0.5,59,None,0,0.5,2,valid,54.62099999999999
gender_and_sex,0.3818381412519176,0.10720804733576549,distilgpt2,holistic,6.530291109362707,0.5,60,None,0,0.5,2,valid,72.84400000000002
gender_and_sex,0.3288039401275595,0.09938950690758351,distilgpt2,holistic,6.048387096774194,0.5,61,None,0,0.5,2,valid,60.13000000000001
gender_and_sex,0.38443991555121293,0.10519430265145326,distilgpt2,holistic,6.254917387883556,0.5,62,None,0,0.5,2,valid,54.74000000000001
gender_and_sex,0.39269907485933264,0.1105604189179907,distilgpt2,holistic,6.785995279307631,0.5,63,None,0,0.5,2,valid,55.80799999999999
gender_and_sex,0.3596815749612081,0.10550751348333585,distilgpt2,holistic,6.717151848937844,0.5,64,None,0,0.5,2,valid,55.49499999999999
gender_and_sex,0.3893590783369831,0.11364935199068975,distilgpt2,holistic,7.061369000786782,0.5,65,None,0,0.5,2,valid,55.28099999999998
gender_and_sex,0.36693518220204,0.11047830128797184,distilgpt2,holistic,6.81549960660897,0.5,66,None,0,0.5,2,valid,54.24300000000002
gender_and_sex,0.37936151243071503,0.10615929359963125,distilgpt2,holistic,6.540125885129819,0.5,67,None,0,0.5,2,valid,54.73000000000001
gender_and_sex,0.40130395128407065,0.11110266130062314,distilgpt2,holistic,6.864673485444532,0.5,68,None,0,0.5,2,valid,54.40499999999998
gender_and_sex,0.38377594023874506,0.10870495988285789,distilgpt2,holistic,6.471282454760032,0.5,69,None,0,0.5,2,valid,55.66700000000002
gender_and_sex,0.4179183088009021,0.10988906039550851,distilgpt2,holistic,6.756490952006295,0.5,70,None,0,0.5,2,valid,54.173
gender_and_sex,0.4449736045079348,0.11363696835073081,distilgpt2,holistic,7.1793863099921325,0.5,71,None,0,0.5,2,valid,54.450000000000024
gender_and_sex,0.40987020012212344,0.11492335415042496,distilgpt2,holistic,7.356412273800157,0.5,72,None,0,0.5,2,valid,54.33299999999998
gender_and_sex,0.4233657918592224,0.11290247261211098,distilgpt2,holistic,7.218725413060582,0.5,1,None,0,0.5,3,valid,288.56199999999995
gender_and_sex,0.43753143883322776,0.10995538851148082,distilgpt2,holistic,6.904012588512982,0.5,2,None,0,0.5,3,valid,54.575000000000024
gender_and_sex,0.43212071170165717,0.10536079307919154,distilgpt2,holistic,6.363099921321794,0.5,3,None,0,0.5,3,valid,65.664
gender_and_sex,0.4442587671497175,0.1103961305801599,distilgpt2,holistic,6.874508261211644,0.5,4,None,0,0.5,3,valid,54.75900000000001
gender_and_sex,0.4456464465619292,0.11323887403441538,distilgpt2,holistic,7.307238394964595,0.5,5,None,0,0.5,3,valid,54.816000000000024
gender_and_sex,0.4247326555732273,0.10809730367711692,distilgpt2,holistic,6.618804091266719,0.5,6,None,0,0.5,3,valid,54.68700000000001
gender_and_sex,0.4106855097525502,0.10738490923675192,distilgpt2,holistic,6.667977970102282,0.5,7,None,0,0.5,3,valid,54.803
gender_and_sex,0.4570935477667988,0.11666571919942006,distilgpt2,holistic,7.474429583005507,0.5,8,None,0,0.5,3,valid,72.64599999999999
gender_and_sex,0.45493519917441894,0.11143066469592768,distilgpt2,holistic,6.746656176239181,0.5,9,None,0,0.5,3,valid,55.63499999999999
gender_and_sex,0.459716301293722,0.11148714277187735,distilgpt2,holistic,6.982690794649882,0.5,10,None,0,0.5,3,valid,58.03300000000001
gender_and_sex,0.6526357601629496,0.15969437400574946,distilgpt2,holistic,11.526357199055862,0.5,11,None,0,0.5,3,valid,1264.9480000000003
gender_and_sex,0.4686422608467445,0.11244152336399223,distilgpt2,holistic,7.258064516129033,0.5,12,None,0,0.5,3,valid,56.075000000000024
gender_and_sex,0.4469010779422787,0.1110456974879572,distilgpt2,holistic,6.923682140047208,0.5,13,None,0,0.5,3,valid,54.31700000000001
gender_and_sex,0.3882916043844491,0.11106713498825953,distilgpt2,holistic,7.041699449252557,0.5,14,None,0,0.5,3,valid,54.73500000000001
gender_and_sex,0.443685254668975,0.11338679282344116,distilgpt2,holistic,7.140047206923682,0.5,15,None,0,0.5,3,valid,54.543000000000006
gender_and_sex,0.43843706348513567,0.11315821827580945,distilgpt2,holistic,7.2678992918961445,0.5,16,None,0,0.5,3,valid,54.604000000000006
gender_and_sex,0.4410989561262679,0.11221286039242619,distilgpt2,holistic,7.071203776553895,0.5,17,None,0,0.5,3,valid,54.65300000000001
gender_and_sex,0.41970609987546104,0.1128407831315831,distilgpt2,holistic,7.002360346184107,0.5,18,None,0,0.5,3,valid,54.70600000000001
gender_and_sex,0.4390514239907911,0.11276999377615622,distilgpt2,holistic,7.110542879622344,0.5,19,None,0,0.5,3,valid,54.85299999999998
gender_and_sex,0.4323600702583379,0.11167600438486608,distilgpt2,holistic,7.081038552321008,0.5,20,None,0,0.5,3,valid,53.93799999999999
gender_and_sex,0.4433716605521773,0.11090813641128287,distilgpt2,holistic,6.81549960660897,0.5,21,None,0,0.5,3,valid,54.678
gender_and_sex,0.42139852939808975,0.11460026046412834,distilgpt2,holistic,7.32690794649882,0.5,22,None,0,0.5,3,valid,54.58100000000001
gender_and_sex,0.40757358884080175,0.11369189875592169,distilgpt2,holistic,7.277734067663258,0.5,23,None,0,0.5,3,valid,54.359000000000016
gender_and_sex,0.4368388575550982,0.1146526309590937,distilgpt2,holistic,7.376081825334382,0.5,24,None,0,0.5,3,valid,54.822
gender_and_sex,0.4538314673403388,0.11155613106885422,distilgpt2,holistic,6.953186467348544,0.5,25,None,0,0.5,3,valid,54.46699999999999
gender_and_sex,0.4551012149106941,0.11206238594507908,distilgpt2,holistic,7.01219512195122,0.5,26,None,0,0.5,3,valid,54.40599999999998
gender_and_sex,0.4465694596210563,0.11528773933722186,distilgpt2,holistic,7.503933910306845,0.5,27,None,0,0.5,3,valid,54.31799999999999
gender_and_sex,0.4268840802415023,0.11189242033052313,distilgpt2,holistic,7.051534225019669,0.5,28,None,0,0.5,3,valid,54.72000000000002
gender_and_sex,0.4296286866850869,0.11704205335544471,distilgpt2,holistic,7.454760031471283,0.5,29,None,0,0.5,3,valid,55.11900000000002
gender_and_sex,0.45392744554773024,0.11222242394921429,distilgpt2,holistic,7.110542879622344,0.5,30,None,0,0.5,3,valid,54.21199999999999
gender_and_sex,0.42412738675381767,0.1108561442625184,distilgpt2,holistic,6.864673485444532,0.5,31,None,0,0.5,3,valid,54.45299999999998
gender_and_sex,0.4304655551036828,0.11363988635398536,distilgpt2,holistic,7.2678992918961445,0.5,32,None,0,0.5,3,valid,55.41300000000001
gender_and_sex,0.4334966911285387,0.10627353847576372,distilgpt2,holistic,6.205743509047994,0.5,33,None,0,0.5,3,valid,54.825000000000024
gender_and_sex,0.4080984369603596,0.11168609298939913,distilgpt2,holistic,7.100708103855233,0.5,34,None,0,0.5,3,valid,54.38900000000001
gender_and_sex,0.44772196047183677,0.11182291137280877,distilgpt2,holistic,7.100708103855233,0.5,35,None,0,0.5,3,valid,55.02300000000002
gender_and_sex,0.4228295335325955,0.11252369841159231,distilgpt2,holistic,6.992525570416995,0.5,36,None,0,0.5,3,valid,56.572
gender_and_sex,0.4354728018516695,0.11190871297970063,distilgpt2,holistic,7.041699449252557,0.5,37,None,0,0.5,3,valid,54.399999999999984
gender_and_sex,0.4210511421514725,0.1138273483561165,distilgpt2,holistic,7.13021243115657,0.5,38,None,0,0.5,3,valid,54.99400000000002
gender_and_sex,0.41411363833204434,0.11110192246439167,distilgpt2,holistic,7.081038552321008,0.5,39,None,0,0.5,3,valid,54.07100000000002
gender_and_sex,0.4574174723711579,0.11333825150603627,distilgpt2,holistic,6.894177812745869,0.5,40,None,0,0.5,3,valid,54.73599999999999
gender_and_sex,0.4634187929687993,0.11051318277126529,distilgpt2,holistic,6.923682140047208,0.5,41,None,0,0.5,3,valid,55.43299999999999
gender_and_sex,0.4270493826617022,0.11328233687691253,distilgpt2,holistic,7.081038552321008,0.5,42,None,0,0.5,3,valid,54.88800000000001
gender_and_sex,0.4479033320356216,0.10806870971209488,distilgpt2,holistic,6.608969315499606,0.5,43,None,0,0.5,3,valid,56.54099999999998
gender_and_sex,0.41329379297288105,0.11059600069597243,distilgpt2,holistic,7.199055861526357,0.5,44,None,0,0.5,3,valid,54.340000000000025
gender_and_sex,0.42222265195059727,0.10957649791615154,distilgpt2,holistic,6.845003933910307,0.5,45,None,0,0.5,3,valid,54.661000000000016
gender_and_sex,0.46855392367430443,0.11575547089284176,distilgpt2,holistic,7.317073170731707,0.5,46,None,0,0.5,3,valid,54.22199999999999
gender_and_sex,0.4227077635828308,0.11034005986854442,distilgpt2,holistic,6.992525570416995,0.5,47,None,0,0.5,3,valid,54.63999999999999
gender_and_sex,0.4335117260776583,0.11119779903835643,distilgpt2,holistic,7.051534225019669,0.5,48,None,0,0.5,3,valid,56.08000000000002
gender_and_sex,0.4499845600574253,0.11349396538728306,distilgpt2,holistic,7.199055861526357,0.5,49,None,0,0.5,3,valid,54.75599999999998
gender_and_sex,0.42446268337787946,0.11072703829618623,distilgpt2,holistic,6.894177812745869,0.5,50,None,0,0.5,3,valid,54.46199999999999
gender_and_sex,0.36792752789736716,0.1040509581840391,distilgpt2,holistic,6.500786782061368,0.5,51,None,0,0.5,3,valid,54.97400000000002
gender_and_sex,0.42678289071615266,0.10465069655023351,distilgpt2,holistic,6.215578284815106,0.5,52,None,0,0.5,3,valid,54.87800000000002
gender_and_sex,0.4331202251094659,0.10413922149096756,distilgpt2,holistic,6.274586939417781,0.5,53,None,0,0.5,3,valid,54.83699999999999
gender_and_sex,0.4497333220735944,0.11597706804699136,distilgpt2,holistic,7.199055861526357,0.5,54,None,0,0.5,3,valid,54.863000000000014
gender_and_sex,0.4183257905160742,0.11084249562728786,distilgpt2,holistic,6.854838709677419,0.5,55,None,0,0.5,3,valid,54.25300000000002
gender_and_sex,0.42258749112009153,0.11413579357516423,distilgpt2,holistic,7.24822974036192,0.5,56,None,0,0.5,3,valid,54.59400000000002
gender_and_sex,0.43829512705182005,0.10621824735390563,distilgpt2,holistic,6.57946498819827,0.5,57,None,0,0.5,3,valid,55.28200000000002
gender_and_sex,0.43271183884711073,0.11189962066831984,distilgpt2,holistic,7.0908733280881195,0.5,58,None,0,0.5,3,valid,54.31799999999999
gender_and_sex,0.45192089303787947,0.11072939963154327,distilgpt2,holistic,7.061369000786782,0.5,59,None,0,0.5,3,valid,54.62099999999999
gender_and_sex,0.44742448581962896,0.10657626098336612,distilgpt2,holistic,6.589299763965381,0.5,60,None,0,0.5,3,valid,72.84400000000002
gender_and_sex,0.37503564391489363,0.0975240747251573,distilgpt2,holistic,5.576317859952793,0.5,61,None,0,0.5,3,valid,60.13000000000001
gender_and_sex,0.41187136509439226,0.10782162821971884,distilgpt2,holistic,6.894177812745869,0.5,62,None,0,0.5,3,valid,54.74000000000001
gender_and_sex,0.4147219942494451,0.1102324155703749,distilgpt2,holistic,7.051534225019669,0.5,63,None,0,0.5,3,valid,55.80799999999999
gender_and_sex,0.3893414013892604,0.10217021467864515,distilgpt2,holistic,6.225413060582219,0.5,64,None,0,0.5,3,valid,55.49499999999999
gender_and_sex,0.46408270411994845,0.11235519057977901,distilgpt2,holistic,6.97285601888277,0.5,65,None,0,0.5,3,valid,55.28099999999998
gender_and_sex,0.4406714820999759,0.11249784635827503,distilgpt2,holistic,7.1793863099921325,0.5,66,None,0,0.5,3,valid,54.24300000000002
gender_and_sex,0.39729041835964796,0.10511655566200431,distilgpt2,holistic,6.549960660896932,0.5,67,None,0,0.5,3,valid,54.73000000000001
gender_and_sex,0.40496411229005425,0.10940927072309334,distilgpt2,holistic,6.923682140047208,0.5,68,None,0,0.5,3,valid,54.40499999999998
gender_and_sex,0.4140197263388322,0.10607477521496318,distilgpt2,holistic,6.235247836349331,0.5,69,None,0,0.5,3,valid,55.66700000000002
gender_and_sex,0.42430126174173116,0.11091932220979021,distilgpt2,holistic,6.845003933910307,0.5,70,None,0,0.5,3,valid,54.173
gender_and_sex,0.4484176115242975,0.11425033925236786,distilgpt2,holistic,7.258064516129033,0.5,71,None,0,0.5,3,valid,54.450000000000024
gender_and_sex,0.4314007964221919,0.1116263440393714,distilgpt2,holistic,7.159716758457907,0.5,72,None,0,0.5,3,valid,54.33299999999998
gender_and_sex,0.4143332804313211,0.11153141484818344,distilgpt2,holistic,6.896720389346768,0.5,1,None,0,0.5,1,test,262.96599999999995
gender_and_sex,0.41443955886052947,0.10803411398368477,distilgpt2,holistic,6.478515004035315,0.5,2,None,0,0.5,1,test,52.948999999999984
gender_and_sex,0.43073643373820003,0.10398579095588514,distilgpt2,holistic,6.180146249602583,0.5,3,None,0,0.5,1,test,63.23199999999998
gender_and_sex,0.43025152900386576,0.10827141873186752,distilgpt2,holistic,6.652155836533052,0.5,4,None,0,0.5,1,test,53.04999999999998
gender_and_sex,0.4329857729999088,0.11205628823566649,distilgpt2,holistic,6.9725354007190194,0.5,5,None,0,0.5,1,test,53.101
gender_and_sex,0.39646234500573296,0.10765860752382983,distilgpt2,holistic,6.524982269069921,0.5,6,None,0,0.5,1,test,53.02200000000001
gender_and_sex,0.4029425323948899,0.10536420310085627,distilgpt2,holistic,6.351341436572183,0.5,7,None,0,0.5,1,test,53.015
gender_and_sex,0.3982760047229054,0.1152636866465613,distilgpt2,holistic,7.1681870429699925,0.5,8,None,0,0.5,1,test,69.35799999999998
gender_and_sex,0.440505052099177,0.1121907341103761,distilgpt2,holistic,7.001883147056666,0.5,9,None,0,0.5,1,test,53.912000000000006
gender_and_sex,0.4488604750062581,0.11117109030001182,distilgpt2,holistic,6.742644721074127,0.5,10,None,0,0.5,1,test,56.04499999999999
gender_and_sex,0.6957036342937073,0.1596688284429188,distilgpt2,holistic,11.46274059037883,0.5,11,None,0,0.5,1,test,1109.448
gender_and_sex,0.4243677844846462,0.11225644832230068,distilgpt2,holistic,6.901611680403043,0.5,12,None,0,0.5,1,test,54.27999999999997
gender_and_sex,0.42452630406896397,0.10988797412408444,distilgpt2,holistic,6.681503582870699,0.5,13,None,0,0.5,1,test,52.582
gender_and_sex,0.4396198789024189,0.11092291169751216,distilgpt2,holistic,6.879600870649807,0.5,14,None,0,0.5,1,test,52.89999999999998
gender_and_sex,0.4275795953397844,0.11179623721303486,distilgpt2,holistic,7.014111374697352,0.5,15,None,0,0.5,1,test,52.82799999999998
gender_and_sex,0.43141441498761013,0.11087050320962587,distilgpt2,holistic,6.899166034874906,0.5,16,None,0,0.5,1,test,52.92200000000002
gender_and_sex,0.42994327513118447,0.10900091591745173,distilgpt2,holistic,6.674166646286288,0.5,17,None,0,0.5,1,test,52.96600000000001
gender_and_sex,0.41084616613919733,0.1110022237117278,distilgpt2,holistic,6.830687960087064,0.5,18,None,0,0.5,1,test,52.94500000000002
gender_and_sex,0.4368030251030792,0.10986263311099977,distilgpt2,holistic,6.7353077844897165,0.5,19,None,0,0.5,1,test,53.16999999999999
gender_and_sex,0.4307835550935964,0.11122238738602988,distilgpt2,holistic,6.899166034874906,0.5,20,None,0,0.5,1,test,52.251999999999974
gender_and_sex,0.4153017040667651,0.10994963819346197,distilgpt2,holistic,6.701068747095795,0.5,21,None,0,0.5,1,test,52.942
gender_and_sex,0.4340851852459624,0.11454517036476916,distilgpt2,holistic,7.270904155151753,0.5,22,None,0,0.5,1,test,52.873000000000026
gender_and_sex,0.43366809230301145,0.11458152316989156,distilgpt2,holistic,7.354056103108415,0.5,23,None,0,0.5,1,test,52.57000000000002
gender_and_sex,0.4261246159851114,0.11175075461625703,distilgpt2,holistic,7.001883147056666,0.5,24,None,0,0.5,1,test,53.125
gender_and_sex,0.4249142173158848,0.10962008434589676,distilgpt2,holistic,6.715742620264618,0.5,25,None,0,0.5,1,test,52.751999999999974
gender_and_sex,0.4371208794604275,0.11136020872261791,distilgpt2,holistic,6.874709579593534,0.5,26,None,0,0.5,1,test,52.66999999999999
gender_and_sex,0.43609338348813304,0.11248197398764398,distilgpt2,holistic,6.918731199100002,0.5,27,None,0,0.5,1,test,52.64499999999998
gender_and_sex,0.4264355934714713,0.1110143702557838,distilgpt2,holistic,6.869818288537259,0.5,28,None,0,0.5,1,test,52.986
gender_and_sex,0.4337563669488187,0.1150413960619756,distilgpt2,holistic,7.332045293355181,0.5,29,None,0,0.5,1,test,53.476
gender_and_sex,0.45437376266240076,0.11270231069362781,distilgpt2,holistic,7.0214483112817625,0.5,30,None,0,0.5,1,test,52.50099999999999
gender_and_sex,0.4170611563387127,0.11025664428446566,distilgpt2,holistic,6.764655530827361,0.5,31,None,0,0.5,1,test,52.756999999999984
gender_and_sex,0.426546851639423,0.11067711220914876,distilgpt2,holistic,6.798894568221282,0.5,32,None,0,0.5,1,test,53.649
gender_and_sex,0.4112792034474265,0.10690924366834985,distilgpt2,holistic,6.317102399178263,0.5,33,None,0,0.5,1,test,53.02599999999998
gender_and_sex,0.42766979125787585,0.11311738859713207,distilgpt2,holistic,7.143730587688621,0.5,34,None,0,0.5,1,test,52.69500000000002
gender_and_sex,0.43731097563264293,0.11254074651482082,distilgpt2,holistic,6.992100564944118,0.5,35,None,0,0.5,1,test,53.248000000000026
gender_and_sex,0.4240097924209736,0.11065242095314447,distilgpt2,holistic,6.79155763163687,0.5,36,None,0,0.5,1,test,54.87800000000001
gender_and_sex,0.4350299930191238,0.11133027045332983,distilgpt2,holistic,6.957861527550197,0.5,37,None,0,0.5,1,test,52.64300000000002
gender_and_sex,0.4120911424342501,0.11427914183877125,distilgpt2,holistic,7.17063268849813,0.5,38,None,0,0.5,1,test,53.254000000000005
gender_and_sex,0.4198169663898717,0.11108252343811807,distilgpt2,holistic,6.830687960087064,0.5,39,None,0,0.5,1,test,52.364999999999995
gender_and_sex,0.4448996941680976,0.11390434916439023,distilgpt2,holistic,7.080143803957055,0.5,40,None,0,0.5,1,test,53.03099999999998
gender_and_sex,0.4161887732898132,0.11064271217179847,distilgpt2,holistic,6.8526987698403,0.5,41,None,0,0.5,1,test,53.683999999999976
gender_and_sex,0.4444196983444115,0.11412685825783024,distilgpt2,holistic,7.214654308004597,0.5,42,None,0,0.5,1,test,53.126999999999974
gender_and_sex,0.4421703724993943,0.10662541119202985,distilgpt2,holistic,6.410036929247474,0.5,43,None,0,0.5,1,test,54.677000000000014
gender_and_sex,0.42980197952413507,0.10922457020379547,distilgpt2,holistic,6.70596003815207,0.5,44,None,0,0.5,1,test,52.66999999999999
gender_and_sex,0.4362420297732319,0.10980178675994033,distilgpt2,holistic,6.794003277165007,0.5,45,None,0,0.5,1,test,52.92200000000002
gender_and_sex,0.45466592839005754,0.11430106626434113,distilgpt2,holistic,7.111937195822837,0.5,46,None,0,0.5,1,test,52.51999999999998
gender_and_sex,0.4253188007262395,0.11088480161268231,distilgpt2,holistic,6.872263934065397,0.5,47,None,0,0.5,1,test,52.947999999999986
gender_and_sex,0.42332161367724974,0.10985955913847911,distilgpt2,holistic,6.749981657658539,0.5,48,None,0,0.5,1,test,54.32899999999998
gender_and_sex,0.4378037471638498,0.11262614510887796,distilgpt2,holistic,7.033676538922448,0.5,49,None,0,0.5,1,test,52.97699999999998
gender_and_sex,0.3891146414430845,0.10817079471553395,distilgpt2,holistic,6.524982269069921,0.5,50,None,0,0.5,1,test,52.80499999999998
gender_and_sex,0.3818758339639707,0.10578353823208457,distilgpt2,holistic,6.642373254420504,0.5,51,None,0,0.5,1,test,53.269
gender_and_sex,0.3983991207097433,0.10561647461697023,distilgpt2,holistic,6.397808701606788,0.5,52,None,0,0.5,1,test,53.038000000000004
gender_and_sex,0.3919607652412841,0.10364391894956554,distilgpt2,holistic,6.106776883758468,0.5,53,None,0,0.5,1,test,53.22199999999999
gender_and_sex,0.45996524858490817,0.11593545635368156,distilgpt2,holistic,7.258675927511067,0.5,54,None,0,0.5,1,test,53.10400000000002
gender_and_sex,0.4236631730432198,0.11209630894780104,distilgpt2,holistic,6.882046516177945,0.5,55,None,0,0.5,1,test,52.558
gender_and_sex,0.3917222612326012,0.11223701218928075,distilgpt2,holistic,6.862481351952848,0.5,56,None,0,0.5,1,test,52.85500000000002
gender_and_sex,0.40726467275780226,0.10757240545624752,distilgpt2,holistic,6.573895179632665,0.5,57,None,0,0.5,1,test,53.808
gender_and_sex,0.4231926864488902,0.11171400438693489,distilgpt2,holistic,6.974981046247157,0.5,58,None,0,0.5,1,test,52.62800000000001
gender_and_sex,0.438001516486928,0.1116426655829782,distilgpt2,holistic,6.9382963633251,0.5,59,None,0,0.5,1,test,52.89599999999998
gender_and_sex,0.42235373686262173,0.10659415459809475,distilgpt2,holistic,6.429602093472572,0.5,60,None,0,0.5,1,test,70.91999999999999
gender_and_sex,0.3514837898238869,0.09781404603004648,distilgpt2,holistic,5.71058230820025,0.5,61,None,0,0.5,1,test,58.09199999999999
gender_and_sex,0.39271108855858294,0.10608521985257585,distilgpt2,holistic,6.461395485338355,0.5,62,None,0,0.5,1,test,53.168
gender_and_sex,0.4065096403438448,0.1100127776283605,distilgpt2,holistic,6.855144415368436,0.5,63,None,0,0.5,1,test,54.00900000000001
gender_and_sex,0.3742137905322092,0.1038363563940904,distilgpt2,holistic,6.2975372349531655,0.5,64,None,0,0.5,1,test,53.75900000000001
gender_and_sex,0.42983960647788705,0.11308607469771849,distilgpt2,holistic,7.038567829978723,0.5,65,None,0,0.5,1,test,53.66399999999999
gender_and_sex,0.41366346663488895,0.1095228055463686,distilgpt2,holistic,6.796448922693145,0.5,66,None,0,0.5,1,test,52.56500000000001
gender_and_sex,0.3858022986855596,0.10651677109007064,distilgpt2,holistic,6.683949228398836,0.5,67,None,0,0.5,1,test,53.07699999999999
gender_and_sex,0.42591358260378387,0.1092852407767578,distilgpt2,holistic,6.742644721074127,0.5,68,None,0,0.5,1,test,52.69500000000002
gender_and_sex,0.4013070726558282,0.10496631605806836,distilgpt2,holistic,6.096994301645919,0.5,69,None,0,0.5,1,test,53.95399999999998
gender_and_sex,0.3884118423827319,0.11050951209724742,distilgpt2,holistic,6.879600870649807,0.5,70,None,0,0.5,1,test,52.47199999999999
gender_and_sex,0.4535363944896958,0.11360581948834664,distilgpt2,holistic,7.104600259238427,0.5,71,None,0,0.5,1,test,52.73199999999998
gender_and_sex,0.428180140778901,0.1145991337152114,distilgpt2,holistic,7.288023673848712,0.5,72,None,0,0.5,1,test,52.68499999999999
gender_and_sex,0.41817827148798237,0.1119197618387212,distilgpt2,holistic,7.116828486879112,0.5,1,None,0,0.5,2,test,262.96599999999995
gender_and_sex,0.4174952646753007,0.10922604133850895,distilgpt2,holistic,6.764655530827361,0.5,2,None,0,0.5,2,test,52.948999999999984
gender_and_sex,0.40257675792130987,0.10408404049144299,distilgpt2,holistic,6.2975372349531655,0.5,3,None,0,0.5,2,test,63.23199999999998
gender_and_sex,0.42151743770105854,0.10924016729972075,distilgpt2,holistic,6.679057937342561,0.5,4,None,0,0.5,2,test,53.04999999999998
gender_and_sex,0.4215056394170503,0.11146558360336056,distilgpt2,holistic,6.979872337303432,0.5,5,None,0,0.5,2,test,53.101
gender_and_sex,0.41501992546620964,0.10781481065311507,distilgpt2,holistic,6.576340825160801,0.5,6,None,0,0.5,2,test,53.02200000000001
gender_and_sex,0.41749004300280745,0.1060736635512137,distilgpt2,holistic,6.42226515688816,0.5,7,None,0,0.5,2,test,53.015
gender_and_sex,0.40759257876925026,0.11643119391779216,distilgpt2,holistic,7.278241091736164,0.5,8,None,0,0.5,2,test,69.35799999999998
gender_and_sex,0.4455473251970445,0.11230139951294286,distilgpt2,holistic,7.1094915502947,0.5,9,None,0,0.5,2,test,53.912000000000006
gender_and_sex,0.43699448895505805,0.11155839120463522,distilgpt2,holistic,6.860035706424711,0.5,10,None,0,0.5,2,test,56.04499999999999
gender_and_sex,0.6772336336941914,0.15882623395631987,distilgpt2,holistic,11.46274059037883,0.5,11,None,0,0.5,2,test,1109.448
gender_and_sex,0.4319319319799103,0.11124264959311114,distilgpt2,holistic,6.796448922693145,0.5,12,None,0,0.5,2,test,54.27999999999997
gender_and_sex,0.4248834109421526,0.10922059413462097,distilgpt2,holistic,6.6594927731174645,0.5,13,None,0,0.5,2,test,52.582
gender_and_sex,0.4364208359240233,0.11223598043695057,distilgpt2,holistic,7.058132994203819,0.5,14,None,0,0.5,2,test,52.89999999999998
gender_and_sex,0.41730136308386306,0.1120288026804932,distilgpt2,holistic,7.009220083641077,0.5,15,None,0,0.5,2,test,52.82799999999998
gender_and_sex,0.4410152160405897,0.11220414734666599,distilgpt2,holistic,7.094817677125877,0.5,16,None,0,0.5,2,test,52.92200000000002
gender_and_sex,0.38548777521541516,0.10989078291696812,distilgpt2,holistic,6.811122795861968,0.5,17,None,0,0.5,2,test,52.96600000000001
gender_and_sex,0.4268127455509625,0.11058670922591787,distilgpt2,holistic,6.771992467411773,0.5,18,None,0,0.5,2,test,52.94500000000002
gender_and_sex,0.4044041094540228,0.1096593014925752,distilgpt2,holistic,6.781775049524322,0.5,19,None,0,0.5,2,test,53.16999999999999
gender_and_sex,0.42001793432066703,0.10972146666480487,distilgpt2,holistic,6.762209885299225,0.5,20,None,0,0.5,2,test,52.251999999999974
gender_and_sex,0.4277469286305707,0.11077206429691305,distilgpt2,holistic,6.869818288537259,0.5,21,None,0,0.5,2,test,52.942
gender_and_sex,0.4190713394030847,0.11451894069101552,distilgpt2,holistic,7.388295140502335,0.5,22,None,0,0.5,2,test,52.873000000000026
gender_and_sex,0.42829376035750316,0.11325524722598716,distilgpt2,holistic,7.241556408814106,0.5,23,None,0,0.5,2,test,52.57000000000002
gender_and_sex,0.42166482267709826,0.11182410100893288,distilgpt2,holistic,7.0434591210349975,0.5,24,None,0,0.5,2,test,53.125
gender_and_sex,0.44088075416252565,0.11136399982461762,distilgpt2,holistic,6.860035706424711,0.5,25,None,0,0.5,2,test,52.751999999999974
gender_and_sex,0.41822101904756187,0.1102189768333972,distilgpt2,holistic,6.757318594242951,0.5,26,None,0,0.5,2,test,52.66999999999999
gender_and_sex,0.4239160870267216,0.11231692036268813,distilgpt2,holistic,7.089926386069603,0.5,27,None,0,0.5,2,test,52.64499999999998
gender_and_sex,0.4323788194476816,0.11104381719380467,distilgpt2,holistic,6.896720389346768,0.5,28,None,0,0.5,2,test,52.986
gender_and_sex,0.44985974256337236,0.11528675865806318,distilgpt2,holistic,7.300251901489398,0.5,29,None,0,0.5,2,test,53.476
gender_and_sex,0.4327979035723044,0.1117410728322787,distilgpt2,holistic,6.882046516177945,0.5,30,None,0,0.5,2,test,52.50099999999999
gender_and_sex,0.40597420714529775,0.1110426549033618,distilgpt2,holistic,6.889383452762357,0.5,31,None,0,0.5,2,test,52.756999999999984
gender_and_sex,0.43335296385831756,0.11103612142266148,distilgpt2,holistic,6.896720389346768,0.5,32,None,0,0.5,2,test,53.649
gender_and_sex,0.3800372081914751,0.10665338359093146,distilgpt2,holistic,6.42226515688816,0.5,33,None,0,0.5,2,test,53.02599999999998
gender_and_sex,0.4251761969858253,0.11125594419202321,distilgpt2,holistic,6.952970236493923,0.5,34,None,0,0.5,2,test,52.69500000000002
gender_and_sex,0.43939362710906915,0.11254314139459508,distilgpt2,holistic,7.04101347550686,0.5,35,None,0,0.5,2,test,53.248000000000026
gender_and_sex,0.42248786511362546,0.11134471843526417,distilgpt2,holistic,6.869818288537259,0.5,36,None,0,0.5,2,test,54.87800000000001
gender_and_sex,0.42092015083802004,0.11106242016948638,distilgpt2,holistic,6.869818288537259,0.5,37,None,0,0.5,2,test,52.64300000000002
gender_and_sex,0.43500686213639794,0.11419772411285821,distilgpt2,holistic,7.244002054342244,0.5,38,None,0,0.5,2,test,53.254000000000005
gender_and_sex,0.41045524818664314,0.11056389819380985,distilgpt2,holistic,6.935850717796963,0.5,39,None,0,0.5,2,test,52.364999999999995
gender_and_sex,0.4580750978230185,0.11511998541150585,distilgpt2,holistic,7.221991244589009,0.5,40,None,0,0.5,2,test,53.03099999999998
gender_and_sex,0.44103396282256613,0.11225841905065234,distilgpt2,holistic,6.9725354007190194,0.5,41,None,0,0.5,2,test,53.683999999999976
gender_and_sex,0.44039125324023765,0.11277070492103003,distilgpt2,holistic,7.033676538922448,0.5,42,None,0,0.5,2,test,53.126999999999974
gender_and_sex,0.40410193280198664,0.1081710361253895,distilgpt2,holistic,6.613025508082858,0.5,43,None,0,0.5,2,test,54.677000000000014
gender_and_sex,0.3972825074509921,0.10945103083822284,distilgpt2,holistic,6.911394262515591,0.5,44,None,0,0.5,2,test,52.66999999999999
gender_and_sex,0.4242064465063742,0.11015355353632168,distilgpt2,holistic,6.904057325931181,0.5,45,None,0,0.5,2,test,52.92200000000002
gender_and_sex,0.4635333600114411,0.11426892368208637,distilgpt2,holistic,7.12661106899166,0.5,46,None,0,0.5,2,test,52.51999999999998
gender_and_sex,0.4175052422872456,0.1099689598179382,distilgpt2,holistic,6.764655530827361,0.5,47,None,0,0.5,2,test,52.947999999999986
gender_and_sex,0.41218276209805105,0.10945920032921636,distilgpt2,holistic,6.806231504805693,0.5,48,None,0,0.5,2,test,54.32899999999998
gender_and_sex,0.415887789719404,0.11288888180715803,distilgpt2,holistic,7.114382841350975,0.5,49,None,0,0.5,2,test,52.97699999999998
gender_and_sex,0.40047895250670884,0.10820503932474856,distilgpt2,holistic,6.617916799139133,0.5,50,None,0,0.5,2,test,52.80499999999998
gender_and_sex,0.39927351936093886,0.10485566738589358,distilgpt2,holistic,6.485851940619726,0.5,51,None,0,0.5,2,test,53.269
gender_and_sex,0.39840559459134905,0.10552331017630093,distilgpt2,holistic,6.346450145515909,0.5,52,None,0,0.5,2,test,53.038000000000004
gender_and_sex,0.4054307850896854,0.10459089713069646,distilgpt2,holistic,6.30242852600944,0.5,53,None,0,0.5,2,test,53.22199999999999
gender_and_sex,0.4513747965036142,0.11558510966339754,distilgpt2,holistic,7.278241091736164,0.5,54,None,0,0.5,2,test,53.10400000000002
gender_and_sex,0.42698790734141406,0.11283869010684025,distilgpt2,holistic,7.0703612218445056,0.5,55,None,0,0.5,2,test,52.558
gender_and_sex,0.42680670024012085,0.11266368231781888,distilgpt2,holistic,7.009220083641077,0.5,56,None,0,0.5,2,test,52.85500000000002
gender_and_sex,0.4104691375482934,0.1067873520074678,distilgpt2,holistic,6.4711780674509045,0.5,57,None,0,0.5,2,test,53.808
gender_and_sex,0.42107852200759677,0.11125051594422325,distilgpt2,holistic,6.9138399080437285,0.5,58,None,0,0.5,2,test,52.62800000000001
gender_and_sex,0.42696594909113517,0.11171480568364389,distilgpt2,holistic,6.847807478784025,0.5,59,None,0,0.5,2,test,52.89599999999998
gender_and_sex,0.41815413809411994,0.10830577030327924,distilgpt2,holistic,6.554330015407567,0.5,60,None,0,0.5,2,test,70.91999999999999
gender_and_sex,0.3800504684011881,0.09813725699625567,distilgpt2,holistic,5.81329942038201,0.5,61,None,0,0.5,2,test,58.09199999999999
gender_and_sex,0.39721830908716915,0.10691669746163199,distilgpt2,holistic,6.490743231676001,0.5,62,None,0,0.5,2,test,53.168
gender_and_sex,0.3835631626529769,0.11008556136976316,distilgpt2,holistic,6.825796669030791,0.5,63,None,0,0.5,2,test,54.00900000000001
gender_and_sex,0.38307602608627483,0.1024750967631805,distilgpt2,holistic,6.13123333903984,0.5,64,None,0,0.5,2,test,53.75900000000001
gender_and_sex,0.4237887684434495,0.11348324196495256,distilgpt2,holistic,7.146176233216757,0.5,65,None,0,0.5,2,test,53.66399999999999
gender_and_sex,0.40337841193760904,0.11008796492096352,distilgpt2,holistic,6.798894568221282,0.5,66,None,0,0.5,2,test,52.56500000000001
gender_and_sex,0.38582896099141356,0.10595443946425454,distilgpt2,holistic,6.635036317836093,0.5,67,None,0,0.5,2,test,53.07699999999999
gender_and_sex,0.4172800565763225,0.1082212653937479,distilgpt2,holistic,6.718188265792755,0.5,68,None,0,0.5,2,test,52.69500000000002
gender_and_sex,0.4180373564782763,0.1052226698892633,distilgpt2,holistic,6.255961260974835,0.5,69,None,0,0.5,2,test,53.95399999999998
gender_and_sex,0.4068799966605493,0.11077372432646038,distilgpt2,holistic,6.820905377974516,0.5,70,None,0,0.5,2,test,52.47199999999999
gender_and_sex,0.4382664677212661,0.11298564865601383,distilgpt2,holistic,7.014111374697352,0.5,71,None,0,0.5,2,test,52.73199999999998
gender_and_sex,0.41424639063730717,0.11323268965390845,distilgpt2,holistic,7.173078334026266,0.5,72,None,0,0.5,2,test,52.68499999999999
gender_and_sex,0.4172598905872625,0.11137734430362088,distilgpt2,holistic,6.935850717796963,0.5,1,None,0,0.5,3,test,262.96599999999995
gender_and_sex,0.4343360924844276,0.10911203817154094,distilgpt2,holistic,6.710851329208345,0.5,2,None,0,0.5,3,test,52.948999999999984
gender_and_sex,0.42918887914789533,0.1041704633591993,distilgpt2,holistic,6.106776883758468,0.5,3,None,0,0.5,3,test,63.23199999999998
gender_and_sex,0.4372601427711291,0.1097242029109286,distilgpt2,holistic,6.794003277165007,0.5,4,None,0,0.5,3,test,53.04999999999998
gender_and_sex,0.40721740366222275,0.11207659720261706,distilgpt2,holistic,6.996991856000391,0.5,5,None,0,0.5,3,test,53.101
gender_and_sex,0.43186763968686426,0.1077661139928899,distilgpt2,holistic,6.461395485338355,0.5,6,None,0,0.5,3,test,53.02200000000001
gender_and_sex,0.43813117680344443,0.10594521746326738,distilgpt2,holistic,6.478515004035315,0.5,7,None,0,0.5,3,test,53.015
gender_and_sex,0.3895178402189575,0.11507861429355183,distilgpt2,holistic,7.219545599060872,0.5,8,None,0,0.5,3,test,69.35799999999998
gender_and_sex,0.4466544909786639,0.11126423808161698,distilgpt2,holistic,7.016557020225489,0.5,9,None,0,0.5,3,test,53.912000000000006
gender_and_sex,0.4710817389419274,0.11047896484305923,distilgpt2,holistic,6.6594927731174645,0.5,10,None,0,0.5,3,test,56.04499999999999
gender_and_sex,0.6832074845108984,0.158439615357842,distilgpt2,holistic,11.333121377387561,0.5,11,None,0,0.5,3,test,1109.448
gender_and_sex,0.4314003998137916,0.1112309940628017,distilgpt2,holistic,6.818459732446379,0.5,12,None,0,0.5,3,test,54.27999999999997
gender_and_sex,0.44155205645589396,0.1090995784558643,distilgpt2,holistic,6.72307955684903,0.5,13,None,0,0.5,3,test,52.582
gender_and_sex,0.45855321811338046,0.11148047188437306,distilgpt2,holistic,6.908948616987454,0.5,14,None,0,0.5,3,test,52.89999999999998
gender_and_sex,0.43356334646467626,0.11159017273737916,distilgpt2,holistic,6.916285553571866,0.5,15,None,0,0.5,3,test,52.82799999999998
gender_and_sex,0.4328926112161151,0.11200174381024414,distilgpt2,holistic,7.0214483112817625,0.5,16,None,0,0.5,3,test,52.92200000000002
gender_and_sex,0.41489925690954776,0.10851971782611076,distilgpt2,holistic,6.6056885714984475,0.5,17,None,0,0.5,3,test,52.96600000000001
gender_and_sex,0.4273728850347417,0.10975417411721927,distilgpt2,holistic,6.669275355230013,0.5,18,None,0,0.5,3,test,52.94500000000002
gender_and_sex,0.4394430141497032,0.10973876871928245,distilgpt2,holistic,6.679057937342561,0.5,19,None,0,0.5,3,test,53.16999999999999
gender_and_sex,0.429472461127138,0.11136304040804905,distilgpt2,holistic,6.940742008853237,0.5,20,None,0,0.5,3,test,52.251999999999974
gender_and_sex,0.42307342898306266,0.10989873932395126,distilgpt2,holistic,6.742644721074127,0.5,21,None,0,0.5,3,test,52.942
gender_and_sex,0.44597173839381654,0.11332311169171447,distilgpt2,holistic,7.085035095013328,0.5,22,None,0,0.5,3,test,52.873000000000026
gender_and_sex,0.44103883739553873,0.11298770335903785,distilgpt2,holistic,7.072806867372643,0.5,23,None,0,0.5,3,test,52.57000000000002
gender_and_sex,0.43624697983874766,0.11225421912932354,distilgpt2,holistic,7.0483504120912714,0.5,24,None,0,0.5,3,test,53.125
gender_and_sex,0.42829176503915667,0.11050067437034593,distilgpt2,holistic,6.754872948714813,0.5,25,None,0,0.5,3,test,52.751999999999974
gender_and_sex,0.4437230522909438,0.11095595413149041,distilgpt2,holistic,6.845361833255888,0.5,26,None,0,0.5,3,test,52.66999999999999
gender_and_sex,0.4446961617730634,0.11309601795123209,distilgpt2,holistic,7.1510675242730315,0.5,27,None,0,0.5,3,test,52.64499999999998
gender_and_sex,0.43814578355412764,0.11101367689136853,distilgpt2,holistic,6.830687960087064,0.5,28,None,0,0.5,3,test,52.986
gender_and_sex,0.41971664833926364,0.11527083485112265,distilgpt2,holistic,7.3026975470175355,0.5,29,None,0,0.5,3,test,53.476
gender_and_sex,0.4452717687642503,0.1118296314255663,distilgpt2,holistic,7.031230893394312,0.5,30,None,0,0.5,3,test,52.50099999999999
gender_and_sex,0.41347641180329825,0.11090231963533004,distilgpt2,holistic,6.857590060896573,0.5,31,None,0,0.5,3,test,52.756999999999984
gender_and_sex,0.4259747036293799,0.11095454281535254,distilgpt2,holistic,6.916285553571866,0.5,32,None,0,0.5,3,test,53.649
gender_and_sex,0.41796411511134135,0.1061223537664291,distilgpt2,holistic,6.414928220303749,0.5,33,None,0,0.5,3,test,53.02599999999998
gender_and_sex,0.4357440066930991,0.11241362193547874,distilgpt2,holistic,6.908948616987454,0.5,34,None,0,0.5,3,test,52.69500000000002
gender_and_sex,0.45220250194737643,0.11247687322952714,distilgpt2,holistic,7.014111374697352,0.5,35,None,0,0.5,3,test,53.248000000000026
gender_and_sex,0.4220335285340266,0.10995118704823467,distilgpt2,holistic,6.664384064173738,0.5,36,None,0,0.5,3,test,54.87800000000001
gender_and_sex,0.4252446902838285,0.11133801542608104,distilgpt2,holistic,6.894274743818631,0.5,37,None,0,0.5,3,test,52.64300000000002
gender_and_sex,0.409853187567617,0.11303933968927497,distilgpt2,holistic,7.094817677125877,0.5,38,None,0,0.5,3,test,53.254000000000005
gender_and_sex,0.43125890035809555,0.11092015740218059,distilgpt2,holistic,6.970089755190882,0.5,39,None,0,0.5,3,test,52.364999999999995
gender_and_sex,0.4738281314371592,0.11447780627540576,distilgpt2,holistic,7.138839296632346,0.5,40,None,0,0.5,3,test,53.03099999999998
gender_and_sex,0.4195226688493625,0.11070761364138483,distilgpt2,holistic,6.794003277165007,0.5,41,None,0,0.5,3,test,53.683999999999976
gender_and_sex,0.4274003578035312,0.11354630744313089,distilgpt2,holistic,7.0703612218445056,0.5,42,None,0,0.5,3,test,53.126999999999974
gender_and_sex,0.4227747403087875,0.10767369775062054,distilgpt2,holistic,6.564112597520115,0.5,43,None,0,0.5,3,test,54.677000000000014
gender_and_sex,0.42729491451451795,0.11005847303486205,distilgpt2,holistic,6.80867715033383,0.5,44,None,0,0.5,3,test,52.66999999999999
gender_and_sex,0.42288883037264235,0.10859868857075504,distilgpt2,holistic,6.517645332485509,0.5,45,None,0,0.5,3,test,52.92200000000002
gender_and_sex,0.4431197213534508,0.1134531157131488,distilgpt2,holistic,7.004328792584803,0.5,46,None,0,0.5,3,test,52.51999999999998
gender_and_sex,0.43650597275141956,0.1102977667227342,distilgpt2,holistic,6.860035706424711,0.5,47,None,0,0.5,3,test,52.947999999999986
gender_and_sex,0.4401900856480054,0.11049068330396224,distilgpt2,holistic,6.860035706424711,0.5,48,None,0,0.5,3,test,54.32899999999998
gender_and_sex,0.42078003388103635,0.11191577981046677,distilgpt2,holistic,7.016557020225489,0.5,49,None,0,0.5,3,test,52.97699999999998
gender_and_sex,0.43490556547049547,0.1087913022697655,distilgpt2,holistic,6.70596003815207,0.5,50,None,0,0.5,3,test,52.80499999999998
gender_and_sex,0.41445469308857363,0.10489018834142631,distilgpt2,holistic,6.434493384528846,0.5,51,None,0,0.5,3,test,53.269
gender_and_sex,0.4302785174513917,0.10571252053964984,distilgpt2,holistic,6.363569664212869,0.5,52,None,0,0.5,3,test,53.038000000000004
gender_and_sex,0.41970977175474067,0.10369199061295017,distilgpt2,holistic,6.077429137420822,0.5,53,None,0,0.5,3,test,53.22199999999999
gender_and_sex,0.4638935140230287,0.11583324952531081,distilgpt2,holistic,7.266012864095478,0.5,54,None,0,0.5,3,test,53.10400000000002
gender_and_sex,0.431794674789999,0.11246289015741777,distilgpt2,holistic,6.974981046247157,0.5,55,None,0,0.5,3,test,52.558
gender_and_sex,0.4455910837532616,0.11225152467852108,distilgpt2,holistic,6.835579251143339,0.5,56,None,0,0.5,3,test,52.85500000000002
gender_and_sex,0.4205105482333631,0.1064714200167704,distilgpt2,holistic,6.4711780674509045,0.5,57,None,0,0.5,3,test,53.808
gender_and_sex,0.4191767134666484,0.11155071771359992,distilgpt2,holistic,6.9725354007190194,0.5,58,None,0,0.5,3,test,52.62800000000001
gender_and_sex,0.43627180015397726,0.11104670573911085,distilgpt2,holistic,6.80867715033383,0.5,59,None,0,0.5,3,test,52.89599999999998
gender_and_sex,0.4407422341507327,0.10854996455107933,distilgpt2,holistic,6.671721000758151,0.5,60,None,0,0.5,3,test,70.91999999999999
gender_and_sex,0.3602436508234327,0.09632360783573525,distilgpt2,holistic,5.593191322849666,0.5,61,None,0,0.5,3,test,58.09199999999999
gender_and_sex,0.4072573345341006,0.10761591392396488,distilgpt2,holistic,6.613025508082858,0.5,62,None,0,0.5,3,test,53.168
gender_and_sex,0.40994649291996504,0.11066533939947346,distilgpt2,holistic,7.0238939568099,0.5,63,None,0,0.5,3,test,54.00900000000001
gender_and_sex,0.3652437027886644,0.10338394652499726,distilgpt2,holistic,6.290200298368755,0.5,64,None,0,0.5,3,test,53.75900000000001
gender_and_sex,0.4354617025367036,0.11260130491198525,distilgpt2,holistic,6.933405072268825,0.5,65,None,0,0.5,3,test,53.66399999999999
gender_and_sex,0.44014391658686425,0.10937981745949797,distilgpt2,holistic,6.762209885299225,0.5,66,None,0,0.5,3,test,52.56500000000001
gender_and_sex,0.3919334364459712,0.10596942838079576,distilgpt2,holistic,6.622808090195408,0.5,67,None,0,0.5,3,test,53.07699999999999
gender_and_sex,0.4110769555413557,0.10856460932993002,distilgpt2,holistic,6.671721000758151,0.5,68,None,0,0.5,3,test,52.69500000000002
gender_and_sex,0.406576111742274,0.10519778199799708,distilgpt2,holistic,6.246178678862286,0.5,69,None,0,0.5,3,test,53.95399999999998
gender_and_sex,0.4347348700240663,0.11010815912124892,distilgpt2,holistic,6.80867715033383,0.5,70,None,0,0.5,3,test,52.47199999999999
gender_and_sex,0.46308001897184836,0.11225474888560605,distilgpt2,holistic,6.9725354007190194,0.5,71,None,0,0.5,3,test,52.73199999999998
gender_and_sex,0.4210831368411154,0.11213081771955884,distilgpt2,holistic,7.038567829978723,0.5,72,None,0,0.5,3,test,52.68499999999999
